maquina,n_muestras,cobertura_dias,pct_ceros_cpu,cpu_media,cpu_p05,cpu_p95,mem_media,mem_p05,mem_p95,disco_media,disco_p05,disco_p95,red_in_media,red_in_p05,red_in_p95,red_out_media,red_out_p05,red_out_p95,etiqueta_preliminar,tipo_preliminar,etiqueta_final,tipo_final,observaciones
m_1005,61260,8,0,45.39,29,65,91.39,85,96,7.38,3,18,53.39,44.92,61.09,41.04,34.46,47.06,normal,normal,normal,normal,
m_1010,59811,8,0,47.74,32,66,90.41,82,96,10.23,4,20,49.84,40.64,57.14,43.51,34.56,50.61,normal,normal,normal,normal,
m_1013,62546,8,0,31.22,14,55,91.37,85,96,5.77,2,14,40.87,35.67,45.71,31.18,27.47,34.76,normal,normal,normal,,
m_1019,60649,8,0,35.57,20,57,91.32,82,96,7.08,3,17,44.49,38.51,49.7,35.19,30.53,39.39,normal,normal,normal,,
m_1021,61342,8,0,43.28,25,70,88.88,79,96,7.35,2,18,31.19,23.28,38.75,23.35,16.61,30.04,normal,normal,normal,,
m_1027,61703,8,0,38.71,22,61,91.4,85,96,7.81,4,18,42.15,35.09,48.51,32.5,26.82,37.63,normal,normal,normal,,
m_1028,60976,8,0,37.06,20,61,90.95,84,96,8.5,4,17,42.31,35.74,47.68,32.83,27.64,36.81,normal,normal,normal,,
m_1037,62018,8,0,37.86,20,61,91.4,85,96,7.42,4,15,40.05,34.71,45,30.24,26.57,33.78,normal,normal,normal,,
m_1038,62020,8,0,37.4,21,61,90.72,81,96,6.5,2,16,40.22,33.62,46.4,28.71,24.2,33.06,normal,normal,normal,,
m_1045,60041,8,0,33.78,15,61,90.07,83,96,5.91,2,16,41.24,35.48,46.13,29.27,25.41,32.57,normal,normal,ineficiente,acotada_por_memoria,si la cpu es inferior a 35% se puede mejorar
m_1046,61582,8,0,41.07,24,63,91.59,86,96,8.87,5,19,35.23,28.22,41.41,28.63,22.67,33.99,normal,normal,normal,,
m_105,60246,8,0,33.23,16,58,89.97,81,96,3.17,1,8,39.46,33.89,44.26,27.99,24.41,31.25,normal,normal,ineficiente,,
m_1062,61165,8,0,41.39,24,65.8,89.24,80,96,8.29,3,21,42.14,34.92,48.84,30.27,25.02,35.15,normal,normal,normal,,
m_1065,58978,7.9,0,46.97,30,68,91.3,84,96,10.31,6,18,44.82,38.16,50.53,39.77,33.7,45.15,normal,normal,normal,,
m_1084,61556,8,0,33.72,17,56,90.36,83,96,5.65,1,16,40.52,35.07,45.47,30.28,26.47,33.86,normal,normal,ineficiente,,
m_1087,60921,8,0,40.35,23,65,91.66,85,96,8.46,4,17,39.05,31.94,44.64,31.37,25.29,36.08,normal,normal,normal,,
m_109,61696,8,0,41.75,22,66,91.93,85,96,8.62,5,16,35.62,30.08,40.63,28.09,23.45,32.3,normal,normal,normal,,
m_1099,61897,7.9,0,39.85,23,61,88.33,78,96,47.17,12,86,39.56,33.37,45.84,30.79,25.64,36.01,normal,normal,normal,,
m_1108,60591,7.9,0,41.83,16,84,89.88,82,96,6.62,1,20,43.45,37.51,48.66,31.5,27.41,35.13,normal,normal,normal,,
m_1120,62594,8,0,21.42,16,27,68.15,65,72,3.15,2,4,7.3,5.57,8.91,10.33,7.92,12.54,normal,normal,ineficiente,,
m_1134,60558,8,0,39.97,23,63,90.17,82,96,8.66,3,22,42.93,36.25,48.73,33.75,28.5,38.35,normal,normal,normal,,
m_1140,62860,8,0,29.72,12,53,89.44,81,96,5.67,1,17,35.46,30.38,40.18,24.15,20.87,27.41,normal,normal,ineficiente,,
m_1141,60190,7.8,0,30.48,13,54,90.48,83,96,5.24,1,16,38.84,33.74,43.54,27.04,23.7,30.31,normal,normal,ineficiente,,
m_115,62259,8,0,30.67,13,54,89.13,81,95,9.39,1,37,38.05,33.11,42.65,27.2,23.98,30.4,normal,normal,ineficiente,,
m_1153,60512,7.9,0,40.35,22,63,91.34,85,96,7.06,2,18,46.4,40.25,51.9,38.39,33.34,42.92,normal,normal,normal,,
m_1161,61570,8,0,47.72,25,78,90.14,82,96,9.55,5,18,44.89,38.81,50.42,38.53,33.54,43.29,normal,normal,normal,,
m_1166,60615,8,0,44.5,27,67,90.7,82,96,6.33,2,16,48.59,42.02,54.53,40.17,34.4,45.58,normal,normal,normal,,
m_117,61650,7.9,0,34.54,17,58,90.02,81,96,8.11,2,23,43.11,36.9,48.62,33.56,28.59,38.02,normal,normal,normal,,
m_1177,61646,8,0,40.75,23,64,91.45,85,96,7.98,4,17,47.5,40.57,54.02,38.29,32.9,43.51,normal,normal,normal,,
m_1185,62107,8,0,40.99,23,64,91.4,85,96,7.95,4,15,50.5,43.89,56.54,45.64,39.59,51.25,normal,normal,normal,,
m_1190,61555,8,0,33.78,16,57,91.5,85,96,6.02,2,15,47.51,40.64,53.91,36.79,31.43,42.49,normal,normal,ineficiente,,
m_1193,62315,8,0,37.48,18,62,89.58,81,96,6.12,2,17,40.14,33.94,46.05,30.91,25.82,35.92,normal,normal,normal,,
m_1199,61157,7.9,0,38.25,20,62,91.71,85,96,8.76,3,28,39.89,34.14,44.94,29.56,25.55,33.3,normal,normal,normal,,
m_1206,60114,7.9,0,39.05,22,62,91.12,84,96,6.84,2,18,45,38.55,50.71,35.8,31.15,40.07,normal,normal,normal,,
m_1216,61678,8,0,45.63,29,65,88.55,77,95,10.92,5,22,45.73,38.71,52.32,38.78,32.51,44.8,normal,normal,normal,,
m_1230,61685,8,0,46.7,29,72,91.13,84,96,8.97,3,20,42.71,35.93,48.8,34.6,28.89,39.87,normal,normal,normal,,
m_1237,61086,8,0,43.38,26,65,90.97,84,96,7.09,3,17,47.24,40.24,53.39,39.5,33.27,45.14,normal,normal,normal,,
m_1243,60920,8,0,47.67,29,68,90.2,81,96,8.11,3,19,47.47,39.55,54.08,45.07,36.62,51.61,normal,normal,normal,,
m_1262,61823,8,0,47.67,28,71,91.08,85,96,4.34,1,11,40.88,35.75,45.74,30.42,27.12,33.7,normal,normal,normal,,
m_1269,63485,8,0,47.5,31,67,90.62,84,96,8.44,4,18,46.02,39.47,52.33,41.02,34.85,47.11,normal,normal,normal,,
m_1275,58577,7.5,0,30.21,13,54,75.52,34,95,5.51,1,16,5.34,0.22,9.89,3.64,0.14,6.71,normal,normal,ineficiente,,
m_1278,61286,8,0,38.36,22,60,91.71,85,96,7.74,4,16,33.47,27.5,38.84,27.07,22.32,31.44,normal,normal,normal,,
m_1283,62577,8,0,51.32,36,71,91.22,85,96,4.64,1,14,44.59,38.37,50.4,35.86,30.69,41.13,normal,normal,normal,,
m_1284,61146,8,0,47.4,29,70,90.08,82,96,13.91,6,29,45.43,38.61,51.8,38.6,32.65,44.19,normal,normal,normal,,
m_1287,58946,8,0,40.58,24,64,91.79,85,96,6.14,2,16,45.37,39.42,50.57,35.04,30.81,38.91,normal,normal,normal,,
m_129,63966,8,0,41.58,23,68,88.58,78,96,10.56,5,26,45.61,39.33,51.5,38.58,33.5,43.39,normal,normal,normal,,
m_1293,60581,8,0,52.22,36,69,88.8,81,95,11.9,6,23,46.13,38.79,52.63,37.57,31.13,43.37,normal,normal,normal,,
m_1319,62631,8,0,43.66,26,63,91.15,84,96,7.41,3,19,52.95,43.81,61.2,43.05,35.58,49.84,normal,normal,normal,,
m_133,62190,7.9,0,39.94,22,72,90.58,83,96,5.89,2,15,46.28,40.09,52.42,36.16,31.56,41,normal,normal,normal,,
m_1354,61190,8,0,36.57,19,63,88.91,79,96,7.06,2,17,29.66,23.94,34.78,20.58,16.93,23.89,normal,normal,normal,,
m_1362,61485,8,0,32.41,15,59,90.04,82,96,5.19,1,16,38.13,33.14,42.93,27.16,23.86,30.47,normal,normal,ineficiente,,
m_1368,62325,8,0,41.48,25,62,91.32,84,96,10.91,5,23,42.89,36.77,48.65,35.36,30.09,40.34,normal,normal,normal,,
m_1373,62933,8,0,40.16,23,67,90.99,84,96,6.26,2,16,46.05,39.16,52.15,36.74,31.12,41.76,normal,normal,normal,,
m_139,60724,8,0,43.71,25,67,90.29,82,96,9.77,4,23,48.18,41.31,54.26,40.22,34.67,45.16,normal,normal,normal,,
m_1395,61270,7.9,0,32.95,15,57,78.87,45,96,6.38,1,18,29.51,22.76,35.03,21.42,16.36,25.16,normal,normal,ineficiente,,
m_1411,61261,8,0,45.84,28,71,91.95,86,96,7.39,4,14,42.15,36.72,47.15,32.71,28.88,36.36,normal,normal,normal,,
m_1415,61582,8,0,44.85,29,65,91.72,85,96,57.21,21,85,42.09,36.13,47.82,34.23,29.2,39.27,normal,normal,normal,,
m_1417,61802,8,0,39.57,21,65,89.33,80,96,10.15,5,23,36.26,30.21,41.68,26.95,22.58,31,normal,normal,normal,,
m_1419,61109,7.9,0,39.19,22,62,90.81,83,96,7.38,2,19,44.14,37.99,49.88,35.23,30.26,39.87,normal,normal,normal,,
m_1424,61710,7.9,0,31.48,15,54,91.2,84,96,6.07,2,18,38.97,33.66,43.75,28.28,24.52,31.8,normal,normal,ineficiente,,
m_1438,61748,8,0,42.55,27,62,91.94,86,96,10.18,7,16,42.32,36.5,47.64,35.88,30.91,40.51,normal,normal,normal,,
m_1441,60355,8,0,39.34,23,61,91.42,85,96,6.87,3,17,37.63,31.46,43.1,29.09,24.09,33.66,normal,normal,normal,,
m_1446,63126,8,0,35.81,19,59,90.01,82,96,7.39,4,17,44.06,37.89,49.76,35.44,30.69,39.92,normal,normal,normal,,
m_1451,61429,8,0,43.71,26,65,91.36,85,96,8.52,4,18,50.84,43.11,57.81,43.33,36.47,49.64,normal,normal,normal,,
m_1475,63324,8,0,43.96,27,65,91.67,85,96,9.37,6,16,44.29,37.7,50.4,37.29,31.53,42.72,normal,normal,normal,,
m_1481,62831,8,0,36.33,20,59,90.25,82,96,6.83,2,21,42.93,36.63,48.73,33.73,28.68,38.5,normal,normal,normal,,
m_1486,61555,8,0,37.93,19,65,89.14,80,96,8.01,3,22,34.58,28.15,40.32,24.28,19.63,28.62,normal,normal,normal,,
m_1491,62399,8,0,40.59,22,65,90.25,81,96,7.07,4,13,41.89,36.39,47.2,32.82,28.83,37.01,normal,normal,normal,,
m_1499,60639,7.9,0,36.09,18,61,89.18,78,96,7.17,2,18,44.8,38.57,50.14,33.59,29.25,37.3,normal,normal,normal,,
m_1501,63430,8,0,37.35,21,58,91.1,83,96,6.38,3,15,41.11,34.88,46.69,33.3,27.84,38.31,normal,normal,normal,,
m_151,62160,7.9,0,5.18,4,7,78.47,77,79,1.09,1,1,23.95,23.43,24.43,19.17,18.39,19.89,ineficiente,subutilizada,ineficiente,,
m_1520,59561,8,0,39.76,23,64,91.38,85,96,9.75,6,17,45.61,39.47,50.87,39.35,33.91,43.99,normal,normal,normal,,
m_1537,61230,8,0,48.34,30,71,89.59,80,96,9.69,4,23,48.6,41.41,54.94,39.22,33.36,44.42,normal,normal,normal,,
m_1541,61992,7.9,0,43.03,25,65,90.49,82,96,9.17,5,20,48.31,40.83,54.65,37.69,32.15,42.57,normal,normal,normal,,
m_1547,60958,8,0,45.15,29,66,89.2,78,96,7.89,3,20,38.98,31.56,45.69,31.43,25.03,37.22,normal,normal,normal,,
m_1594,63602,8,0,41.14,24,65,91.14,84,96,4.18,2,10,45.01,38.43,50.87,35.93,30.49,40.78,normal,normal,normal,,
m_1610,62388,8,0,34.11,15,58,90.49,79,96,5.9,1,15,34.19,29.35,39.18,23.99,20.56,27.83,normal,normal,ineficiente,,
m_1616,60727,8,0,43.76,27,66,91.36,85,96,7.99,3,18,37.12,31.2,42.44,28.22,23.42,32.64,normal,normal,normal,,
m_1626,62381,8,0,37.8,21,61,91.62,85,96,7.36,3,15,39.93,34.59,45.01,31.99,28.19,35.76,normal,normal,normal,,
m_1637,60165,8,0,43.27,28,63,91.64,86,96,7.72,3,19,44.68,38.78,50.13,32.5,27.8,37.01,normal,normal,normal,,
m_1650,62302,8,0,41.12,24,63,91.27,84,96,7.52,3,19,48.1,41.26,54.34,44.23,37.64,50.28,normal,normal,normal,,
m_1659,62727,8,0,39.03,22,66,91.01,83,96,7.62,3,18,34.71,29.1,39.79,26.02,21.41,30.29,normal,normal,normal,,
m_1662,61639,8,0,28.18,11,51,90.51,84,96,4.99,1,15,38.73,33.47,43.13,27.37,23.75,30.45,normal,normal,ineficiente,,
m_1674,61337,8,0,31.54,14,55,87.03,72,96,4.59,1,14,35.83,30.03,40.96,25.09,21.35,28.56,normal,normal,ineficiente,,
m_1682,62152,8,0,33.92,16,58,90.23,83,96,5.92,2,17,42.64,36.47,48.23,30.24,26,34.1,normal,normal,ineficiente,,
m_1710,60782,8,0,37,20,59,91.03,83,96,7.12,3,16,42.27,35.18,48.38,33.27,27.42,38.4,normal,normal,normal,,
m_1720,62277,8,0,38.73,21,63,91.11,84,96,9.16,3,24,48.21,41.47,54.31,39.27,33.8,44.26,normal,normal,normal,,
m_1725,63159,8,0,40.52,23,64,89.88,81,96,8.7,3,23,48.51,41.08,54.94,37.14,31.31,41.99,normal,normal,normal,,
m_1729,63631,8,0,40.07,23,63,90.05,84,95,6.34,3,14,48.35,41.64,54.8,41.93,35.83,47.89,normal,normal,normal,,
m_1733,63819,8,0,40.4,23,64,90.73,83,96,8.1,3,20,43.9,36.5,50.17,37.35,30.52,42.93,normal,normal,normal,,
m_1738,63292,8,0,41.05,24,64,90.84,83,96,8.07,4,15,43.51,37.49,49.34,35.27,30.46,40.11,normal,normal,normal,,
m_1749,62998,8,0,44.78,25,67,90.15,82,96,9.12,3,23,43.56,37.43,49.44,33.17,28.2,38.03,normal,normal,normal,,
m_1757,61620,8,0,36.76,19,61,89.09,80,96,6.12,1,19,40.33,34.54,45.8,30.96,26.04,34.98,normal,normal,normal,,
m_1758,61207,8,0,46.71,29,68,89.82,82,96,9.51,3,24,50.8,43.45,57.09,44.13,37.57,49.6,normal,normal,normal,,
m_1774,61327,8,0,42.31,25,64,89.76,79,96,6.9,2,18,47.83,39.63,55.17,38.49,31.58,44.75,normal,normal,normal,,
m_1781,60562,8,0,30.61,13,54,90.66,83,96,4.55,1,13,34.59,29.49,39.17,24.36,20.7,27.73,normal,normal,ineficiente,,
m_1785,59909,8,0,37.03,19,64,87.46,77,95,8.67,2,26,44.1,37.74,49.4,32.83,28.5,36.36,normal,normal,normal,,
m_1794,62540,8,0,41.18,25,63,90.44,80,96,7.43,3,18,44.56,37.82,50.29,36.36,30.64,41.16,normal,normal,normal,,
m_1796,63541,8,0,45.17,28,67,89.08,72,96,8.31,4,19,47.17,39.16,54.24,38.08,31.28,43.87,normal,normal,normal,,
m_1801,61476,8,0,40.76,25,62,91.25,85,96,6.8,3,18,36.77,30.54,42.45,29.64,24.74,34.27,normal,normal,normal,,
m_1806,59948,8,0,36.52,20,59,91.53,85,96,6.94,3,16,43.26,35.81,49.54,32.28,26.73,37.1,normal,normal,normal,,
m_1810,61454,8,0,35.64,17,60,91.8,86,96,6.83,3,16,42.16,35.37,48.3,33.59,28.15,38.6,normal,normal,normal,,
m_182,59080,8,0,32.35,16,56,89.31,81,96,6.1,1,17,41.25,35.33,46.24,29.89,25.95,33.24,normal,normal,ineficiente,,
m_1858,61550,8,0,37.7,21,62,90.36,78,96,6.76,2,16,36.39,30.43,41.84,25.84,21.33,30.16,normal,normal,normal,,
m_1876,63365,8,0,39.82,23,62,91.31,85,96,7.49,3,18,36.29,29.93,42.26,26.66,21.53,31.45,normal,normal,normal,,
m_1882,61767,8,0,34.35,17,57,89.59,81.3,96,5.16,1,14,44.02,37.97,49.58,33.05,28.62,37.33,normal,normal,normal,,
m_1904,61831,8,0,41.81,24,64,91.7,86,96,7.86,4,17,27.78,19.84,34.52,26.1,18.65,32.43,normal,normal,normal,,
m_1906,61855,8,0,40.41,24,62,91.2,84,96,8.45,4,18,48.27,41.4,54.46,42.59,36.42,48.24,normal,normal,normal,,
m_1909,61130,8,0,41.07,22,68,90.3,83,96,6.38,2,17,48.18,41.25,54.34,39.52,34.06,44.47,normal,normal,normal,,
m_1924,61788,7.8,0,44.93,27,65,90.21,83,96,4.02,2,9,48.87,41.99,55.63,41.6,35.78,47.42,normal,normal,normal,,
m_1925,61926,7.9,0,47.1,29,69,90.56,82,96,10.36,6,21,46.73,39.86,53.12,40.64,34.47,46.43,normal,normal,normal,,
m_1929,60971,7.8,0,35.64,17,61,90.03,81,96,6.72,2,17,42.12,36.77,47.2,32.09,28.34,35.86,normal,normal,normal,,
m_1933,64049,8,0,5.69,4,8,92.5,91,93,1.07,1,1,23.41,22.87,23.94,18.97,18.23,19.68,,acotada_por_memoria,ineficiente,,
m_1942,61132,8,0,44.26,28,65,91.3,85,96,9.11,4,21,45.26,39.16,51.13,37.1,32.17,42.02,normal,normal,normal,,
m_1944,63134,8,0,38.09,21,62,90.74,83,96,6.6,2,16,37.88,31.76,43.57,26.7,22.41,30.86,normal,normal,normal,,
m_1947,60395,8,0,42.78,24,66,89.22,81,96,8.51,3,23,48.72,41.01,55.2,39.37,33.32,44.51,normal,normal,normal,,
m_1956,62733,8,0,46.57,31,65,91.59,86,96,7.63,3,18,44.67,39,49.99,36.18,31.23,40.95,normal,normal,normal,,
m_1966,58648,7.7,80.1,7.79,0,45,17.75,2,92,0.66,0,4,0.27,0,2.02,0.21,0,1.63,ineficiente,ociosa,ineficiente,,
m_1971,60342,8,0,6.08,6,7,33.02,30,36,1,1,1,0.35,0.3,0.39,0.45,0.39,0.51,ineficiente,subutilizada,ineficiente,,
m_1980,62175,8,70.3,0.3,0,1,5,5,5,0,0,0,0.02,0.02,0.03,0.02,0.02,0.03,ineficiente,subutilizada,ineficiente,,
m_20,62683,8,0,41.03,23,66,90.37,81,96,6.49,2,17,45.34,38.6,51.54,34.83,29.81,39.5,normal,normal,normal,,
m_2038,62666,8,0,41.59,24,61,92.35,86,97,10.01,7,17,35.52,29.46,40.78,29.82,24.39,34.65,normal,normal,normal,,
m_2049,54795,7,78.7,8.66,0,48,18.83,2,93,1.17,0,7,0.28,0,2.04,0.23,0,1.67,ineficiente,subutilizada,ineficiente,,
m_2060,61737,8,0,48.56,33,66,90.86,84,96,14.37,7,24,46.99,39.94,52.92,40.98,34.41,46.45,normal,normal,normal,,
m_2070,59885,7.9,0,16.96,8,24,94.46,91,97,3.05,2,4,29.57,26.22,32.41,30.09,25.36,34.05,normal,normal,ineficiente,,
m_2073,60054,8,0,39.07,21,64,88.95,79,96,8.83,2,25,48.93,41.93,54.9,40.33,34.92,44.93,normal,normal,normal,,
m_2077,60404,8,0,9.89,5,15,93.76,92,95,3.15,2,7,22.61,21.16,23.89,18.83,17.15,20.28,,acotada_por_memoria,ineficiente,,
m_2088,63131,8,0,43.9,26,68,88.14,77,96,8.45,3,21,45.24,38.88,51.15,36.65,31.55,41.39,normal,normal,normal,,
m_2102,62507,8,0,33.67,17,57,90.11,82,96,6.29,1,17,42.27,36.74,47.45,31.61,27.67,35.41,normal,normal,ineficiente,,
m_2107,54591,7,78.6,9.28,0,50,18.77,2,93,0.93,0,5,0.27,0,1.98,0.22,0,1.64,ineficiente,subutilizada,ineficiente,,
m_2113,61990,8,0,46.07,27,71,90.41,81.45,96,8.61,3,20,43.69,36.53,50.5,35.49,29.5,41.16,normal,normal,normal,,
m_2117,60572,7.9,0,32.77,16,56,88.84,79,96,11.27,2,46,43.33,37.41,48.45,32.39,28.34,36.09,normal,normal,ineficiente,,
m_2140,62029,8,0,44.95,26,71,88.76,77.4,96,10.1,5,22,48.3,40.86,55,40.96,34.92,46.49,normal,normal,normal,,
m_2147,61680,8,0,41.74,23,67,88.05,75,96,8.14,4,15,44.79,38.16,50.61,36.44,31.32,40.91,normal,normal,normal,,
m_2149,61528,8,0,10.7,6,15,94.06,93,95,1.83,1,2,31.49,29,33.74,27.08,24.38,29.52,,acotada_por_memoria,ineficiente,,
m_2186,60529,8,0,47.82,32,66,88.48,81,95,9.72,4,22,43.65,35.95,50.4,35.18,28.2,41.34,normal,normal,normal,,
m_2188,61201,8,0,37.31,20,60,90.09,79,96,8.04,4,18,47.95,42.04,53.75,37.31,33.16,41.52,normal,normal,normal,,
m_2192,61720,8,0,37.21,20,62,89.13,81,96,7.84,2,22,43.87,37.31,49.18,34.06,29.29,37.89,normal,normal,normal,,
m_2207,61302,7.9,0,44.7,26,68,91.55,85,96,6.18,2,16,45.44,39.29,50.78,32.43,28.26,36.39,normal,normal,normal,,
m_2208,63266,8,0,42.27,25,65,91.91,85,96,9.2,5,16,43.1,37.1,48.52,37.04,31.69,41.91,normal,normal,normal,,
m_2229,59984,7.8,0,27.69,11,52,90.84,85,96,4.73,1,14,40.2,35.26,44.77,30.54,26.88,34.14,normal,normal,ineficiente,,
m_2269,63837,8,0,33.95,17,58,86.65,60,96,3.21,1,8,41.21,35.6,46.58,29.44,25.74,33.14,normal,normal,ineficiente,,
m_2270,60434,8,0,42.07,26,63,91.76,86,96,10.13,6,18,44.68,37.98,50.42,39.6,33.28,45.13,normal,normal,normal,,
m_2276,59261,8,0,43.34,25,69,92.08,86,96,43.65,6,99,41.4,35.89,47.01,35.41,30.71,40.21,normal,normal,normal,,
m_2284,61256,8,0,33.28,15,59,89.12,79,96,5.89,1,18,40.86,35.2,46.08,29.63,25.83,33.24,normal,normal,ineficiente,,
m_2289,62027,8,0,40.89,23,67,89.24,78,96,7.38,2,20,49.04,41.43,55.75,39.26,33.07,44.7,normal,normal,normal,,
m_2305,61565,8,0,45.22,27,74,91.8,85,96,9.79,6,19,38.94,32.78,44.59,30.25,25.32,34.83,normal,normal,normal,,
m_2315,57250,7.7,79.5,8.17,0,46,18.31,2,93,0.7,0,4,0.27,0,2.04,0.23,0,1.76,ineficiente,subutilizada,ineficiente,,
m_2319,61774,8,0,47.49,27,75,91.57,85,96,10.92,5,22,45.62,39.14,51.56,37.36,32.08,42.32,normal,normal,normal,,
m_2332,62244,8,0,45.34,29,64,91.84,85,96,8.39,4,19,39.83,33.17,46.15,33.61,27.5,39.51,normal,normal,normal,,
m_2342,61536,8,0,4.94,3,7,90.53,90,91,5.03,1,37,22.3,21.8,22.73,17.93,17.26,18.52,,acotada_por_memoria,ineficiente,,
m_2346,60967,8,0,41.36,25,64,91.37,85,96,7.05,3,18,47.28,40.57,53.54,37.4,31.94,42.59,normal,normal,normal,,
m_2353,59429,8,0,48.67,32,69,91.37,85,96,9.14,4,20,46.34,39.67,52.15,36.88,31.53,41.73,normal,normal,normal,,
m_2362,62104,8,0,40.5,22,72,91.26,85,96,6.99,2,18,45.77,39.16,51.79,34.02,29.29,38.55,normal,normal,normal,,
m_2421,61990,8,0,39.28,22,62,91.52,85,96,6.84,3,17,39.27,32.62,44.94,30.67,25.25,35.26,normal,normal,normal,,
m_2424,59890,8,0,38.31,20,62,91.44,84,96,7.39,3,16,46.75,40.07,52.68,38.08,32.78,42.92,normal,normal,normal,,
m_2426,62105,7.9,0,38.57,20,63,91.63,86,96,6.01,2,16,48.88,41.74,55.28,36.93,31.65,41.74,normal,normal,normal,,
m_2429,61207,8,0,43.98,27,67,91.79,85,96,12.53,6,35,45.27,38.17,51.04,39.74,33.35,44.91,normal,normal,normal,,
m_2437,62190,8,0,37.89,21,61,90.78,83,96,7.48,2,18,42.85,35.28,49.65,35.56,28.7,41.69,normal,normal,normal,,
m_2444,61718,8,0,41.17,21,71,85.73,73,95,8.96,3,26,53.6,45.21,60.79,41.32,35.26,46.49,normal,normal,normal,,
m_2455,60719,8,0,49.02,31,69,91.04,85,96,12.41,7,22,44.79,38.75,50.36,38.64,33.2,43.74,normal,normal,normal,,
m_2490,62515,8,0,34.04,17,59,91.26,84,96,7.07,3,15,41.43,36.44,46.27,32.28,28.74,35.84,normal,normal,normal,,
m_2496,61497,8,0,35.65,18,59,89.79,80,96,6.79,2,17,40.83,34.83,46.59,29.94,25.63,34.2,normal,normal,normal,,
m_2498,58639,7.9,0,41.49,23,67,91.65,85,96,7.45,3,16,47.15,40.79,52.79,38.04,33.28,42.4,normal,normal,normal,,
m_2509,63924,8,0,42.8,24,75,88.89,79,96,8.82,4,21,53.02,44.26,61.32,45.38,37.91,52.47,normal,normal,normal,,
m_2536,59099,7.8,0,39.14,22,62,92.29,87,97,9.27,6,18,39.52,34.1,44.34,31.82,27.39,35.81,normal,normal,normal,,
m_2550,63696,8,0,33.71,16,58,87.05,65,96,5.92,1,17,42.36,36.28,47.95,29.67,25.69,33.44,normal,normal,ineficiente,,
m_2559,61375,8,0,40.31,22,64,90.66,83,96,8.02,3,18,39.27,32.82,44.82,30.68,25.34,35.29,normal,normal,normal,,
m_256,62066,7.9,0,42.04,24,64,91.96,85,97,9.26,5,18,46.24,39.98,52.36,39.08,33.76,44.4,normal,normal,normal,,
m_2560,59350,8,0,45.88,30,66,92.02,86,96,9.39,6,17,41.56,34.82,47.15,36.05,29.72,41.4,normal,normal,normal,,
m_2566,61663,8,0,31.47,14,54,90.62,84,96,5.2,1,14,41.42,36.27,46.11,31.54,27.89,34.98,normal,normal,ineficiente,,
m_2577,61331,7.9,0,44.73,26,66,88.96,70,96,6.95,3,17,44.5,37.33,51.05,38.53,31.8,44.68,normal,normal,normal,,
m_2579,63221,8,0,40.94,22,73,91.83,86,96,7.78,3,18,40.22,33.7,46.26,31.06,25.62,36.14,normal,normal,normal,,
m_2583,61830,7.9,0,44.46,29,64,90.51,83,96,10.72,5,22,44.88,38.18,51.08,39.02,32.83,44.84,normal,normal,normal,,
m_2593,60955,8,0,39.49,22,63.3,90.83,84,96,9.7,5,19,37.99,31.36,43.57,29.36,23.64,33.95,normal,normal,normal,,
m_2597,59839,8,0,37.82,21,61,90.41,82,96,3.41,1,8,41.81,36.18,46.94,32.65,27.91,36.67,normal,normal,normal,,
m_2598,54274,7,79.5,7.26,0,42,17.66,2,93,0.97,0,6,0.22,0,1.69,0.17,0,1.31,ineficiente,subutilizada,ineficiente,,
m_2614,62952,7.9,0,38.83,23,60,91.8,85,96,6.88,4,15,40.25,34.57,45.38,30.96,26.57,34.89,normal,normal,normal,,
m_2634,61908,8,0,34.71,18,59,91.69,86,96,6.2,2,16,48.58,41.52,54.46,36.66,31.67,40.67,normal,normal,normal,,
m_2648,60163,7.9,0,39.62,24,61,91.4,85,96,7.55,3,17,36.51,30.83,42,26.59,22.01,31.24,normal,normal,normal,,
m_2656,61956,8,0,32.68,16,55,90.37,83,96,5.57,1,16,41.24,35.62,46.29,30.11,26.38,33.6,normal,normal,ineficiente,,
m_2660,61618,7.9,0,34.51,18,58,89.62,81,96,6.14,2,16,37.75,31.59,43.27,27.71,23.06,31.99,normal,normal,normal,,
m_267,58968,7.9,0,44.38,27,68,91.47,85,96,8.11,3,18,36.56,30.85,41.48,27.45,23.08,31.42,normal,normal,normal,,
m_2701,59813,8,0,48.98,33,67,91.01,84,96,8.12,3,18,50.67,43.11,57.14,45.84,38.44,52.32,normal,normal,normal,,
m_2724,62157,8,0,31.23,15,53,90.58,84,96,4.89,1,13,45.06,38.31,51.18,32.54,27.89,36.83,normal,normal,ineficiente,,
m_2734,53089,7.9,77.8,8.27,0,45,20.6,3,94,1,0,6,0.27,0,1.93,0.22,0,1.56,ineficiente,subutilizada,normal,,
m_2749,60314,8,0,43.23,26,64,88.34,76,95,8.6,3,20,52.18,44.91,58.74,44.36,38.1,50.24,normal,normal,ineficiente,,
m_2751,61046,8,29.6,0.7,0,1,4.09,4,5,0.01,0,0,0.01,0,0.01,0.01,0,0.01,ineficiente,subutilizada,ineficiente,,
m_2758,61527,8,0,45.73,28,72,90.29,82,96,9.87,4,20,42.99,35.08,50.42,36.03,28.87,43.06,normal,normal,normal,,
m_2759,60640,7.9,0,44.17,21,84,91.05,83,96,7.41,3,18,49.88,43.59,55.43,39.71,35.2,43.85,normal,normal,normal,,
m_277,60627,7.9,0,31.47,13,55,90.59,83,96,5.64,1,16,40.79,35.49,45.45,29.33,25.88,32.47,normal,normal,ineficiente,,
m_2781,62410,8,0,39.31,22,62,90.02,82,96,6.84,2,18,41.05,34.31,47.46,31.13,25.87,36.37,normal,normal,normal,,
m_2800,61303,8,0,38.92,21,63,90.9,83,96,6.62,2,16,44.85,38.4,50.64,35.11,30.17,39.7,normal,normal,normal,,
m_2807,60715,8,0,47.41,31,72,90.83,84,96,11.81,5,22,47.96,41.42,54.05,40.45,34.7,45.99,normal,normal,normal,,
m_281,62751,8,0,34.31,18,57,91.7,86,96,7.03,3,16,37.08,31.68,42.32,26.17,22.37,30.01,normal,normal,normal,,
m_2813,62090,8,0,43.78,23,69,91.07,84,96,7.9,3,20,48.94,42.04,55.18,39.29,33.9,44.3,normal,normal,normal,,
m_2814,62946,8,0,33.59,15,59,88.02,78,95,3.95,1,12,43.53,37.79,48.95,31.65,27.95,35.25,normal,normal,ineficiente,,
m_2815,61576,8,0,35.92,19,59,91.45,85,96,6.84,3,18,37.48,31.52,43.04,26.71,22.53,30.83,normal,normal,normal,,
m_2818,60919,8,0,40.1,21,69,87.33,77,95,9.12,2,28,47.85,41.43,53.67,38.39,33.5,42.95,normal,normal,normal,,
m_2819,62832,7.9,0,43.43,23,77,87.41,76,96,10.06,3,28,46.39,40.41,52.22,35.63,31.48,39.79,normal,normal,normal,,
m_2821,60046,7.9,0,40.62,21,75,90.94,84,96,6.14,2,17,37.51,31.07,43.2,27.15,22.12,31.69,normal,normal,normal,,
m_2825,62525,8,0,37.9,21,61,91.73,85,96,7.68,4,17,42.93,36.76,48.56,33.3,28.57,37.7,normal,normal,normal,,
m_2862,60901,8,0,45.63,29,66,91.76,86,96,9.29,5,19,43.97,37.15,50.17,37.12,31.5,42.43,normal,normal,normal,,
m_2888,57871,8,98.3,0.02,0,0,6,6,6,0,0,0,0.02,0.01,0.02,0.01,0.01,0.01,ineficiente,ociosa,ineficiente,,
m_2909,60566,8,0,29.36,12,51,90.41,83,96,9.29,2,43,40.09,34.84,44.67,29.2,25.86,32.28,normal,normal,ineficiente,,
m_2944,62143,8,0,30.38,13,55,83,46,95,5.69,1,16,40.03,34.87,44.92,29.58,26.34,32.84,normal,normal,ineficiente,,
m_2949,61817,7.9,0,40.13,23,64,91.07,84,96,6.36,4,11,42.98,36.88,48.59,33.73,29.08,38.16,normal,normal,normal,,
m_2956,62395,8,0,42.31,25,64,91.21,84,96,7.49,3,19,43.44,36.99,49.7,35.1,29.63,40.79,normal,normal,normal,,
m_2959,60022,8,0,38.95,23,61,91.4,83,96,26.68,4,95,43.42,37.55,48.77,37.49,32.24,42.31,normal,normal,normal,,
m_296,60881,8,0,42.8,26,65,91.29,83,96,6.26,2,17,46.7,39.84,53.56,37.98,32.44,43.18,normal,normal,normal,,
m_2960,60044,8,0,35.65,19,59,90.11,79,96,7.05,3,18,42.18,35.93,47.61,31.18,26.69,35.19,normal,normal,normal,,
m_2965,61219,8,0,41.9,22,67,88.86,80,95,8.79,3,23,49.2,41.84,55.45,40.71,34.59,45.95,normal,normal,normal,,
m_2997,29271,8,17.7,25.38,0,52,64.3,3,92,4.1,0,14,16.82,0,22.53,10.91,0,14.57,normal,normal,ineficiente,,
m_2998,62582,8,0,35.88,19,58,91.3,84,96,5.69,2,15,47.55,40.62,54.02,38.25,32.63,43.58,normal,normal,normal,,
m_3000,63828,8,0,41.16,22,67,91,84,96,8.85,5,16,46.91,39.66,53.09,38.64,32.7,43.66,normal,normal,normal,,
m_3008,61726,8,0,47.77,30,67,91.37,85,96,10.87,5,21,43.37,36.91,49.36,36.54,30.95,41.85,normal,normal,normal,,
m_3025,57344,8,0,43.72,26,65,91.62,85,96,9.27,5,18,48.63,41.47,54.82,39.37,33.96,44.27,normal,normal,normal,,
m_3033,61094,8,0,48.01,30,68,90.27,83,96,11.18,5,21,44.84,38.48,50.69,37.51,32.09,42.65,normal,normal,normal,,
m_3044,61909,8,0,41.53,23,74,91.07,84,96,4.02,2,10,44.73,38.24,50.73,33.36,28.63,37.93,normal,normal,normal,,
m_3072,61894,8,0,51.63,36,67,90.5,84,96,10.99,5,20,45.55,37.7,52.67,41.82,33.86,49.13,normal,normal,normal,,
m_3083,61697,8,0,45.71,29,71,92.04,87,96,8.71,4,20,46.28,39.47,52.5,39.18,33.27,44.7,normal,normal,normal,,
m_3091,61673,7.8,0,41.52,25,62,91.93,86,96,7.15,3,17,45.82,39.32,51.72,37.18,31.8,42.21,normal,normal,normal,,
m_3093,61040,8,0,41.95,25,64,87.38,75,96,8.53,2,23,45.05,37.31,51.85,37.3,30.29,43.41,normal,normal,normal,,
m_3109,62641,8,0,43.06,26,64,91.31,85,96,8.89,4,20,40.99,33.8,47.31,33.05,26.93,38.47,normal,normal,normal,,
m_312,60986,8,0,40.5,23,64,91.09,85,96,7.06,3,17,38.62,31.88,44.48,29.88,24.22,34.83,normal,normal,normal,,
m_3122,60521,8,0,43.9,26,66,85.97,70,95,7.27,3,18,41.39,34.58,47.68,33.51,27.53,39.18,normal,normal,normal,,
m_3125,63958,8,0,2.84,2,4,89.03,87,90,1.01,1,1,21.6,21.48,21.71,16.82,16.66,16.96,,acotada_por_memoria,ineficiente,,
m_3135,59814,8,0,44.01,26,67,92.01,86,96,9.48,5,17,46,39.33,51.73,39.39,33.74,44.39,normal,normal,normal,,
m_3141,60493,7.9,0,37.26,21,60,91.29,84,96,6.86,3,15,51.6,43.82,58.15,38.43,32.9,43.18,normal,normal,normal,,
m_3145,60957,8,0,44.06,26,68,91.11,83,96,8.86,5,17,44.89,38.34,50.67,37.4,31.86,42.44,normal,normal,normal,,
m_3146,63575,7.9,0,46.65,30,66,90.64,84,96,9.37,4,21,40.27,33.35,46.92,33.29,27.15,39.28,normal,normal,normal,,
m_3164,60955,8,0,45.15,28,68,91.27,85,96,8.4,4,19,42.96,37.19,48.43,37.25,32.31,42.09,normal,normal,normal,,
m_3166,62493,7.9,0,44.42,25,70,88.47,79,96,7.59,4,16,40.53,34.22,46.55,30.84,25.9,35.63,normal,normal,normal,,
m_3167,63172,8,0,33.28,14,64,81.99,39,96,5.17,1,15,11.34,0.69,37.06,7.98,0.44,26.38,normal,normal,ineficiente,,
m_3170,63111,8,0,5.9,3,8,87.04,86,88,1.8,1,2,22.01,21.29,22.64,17.92,16.91,18.81,,acotada_por_memoria,ineficiente,,
m_3172,60317,8,0,40.71,25,62,91.6,86,96,8.14,3,19,35.79,28.86,41.63,29.02,23.23,33.93,normal,normal,normal,,
m_3173,62746,7.9,0,47.41,28,71,90.97,84,96,9.48,4,22,47.3,40.6,53.52,38.54,33.07,43.66,normal,normal,normal,,
m_3183,62441,8,0,35.64,19,59,91.84,85,96,6.84,3,14,39.72,34.78,44.46,29.82,26.48,33.15,normal,normal,normal,,
m_3193,62408,8,0,46.64,29,68,86.98,73,95,10.1,4,22,40.6,33.98,46.83,31.29,25.65,36.74,normal,normal,normal,,
m_3199,62277,8,0,40.17,24,62,91.3,84,96,6.35,2,15,48.79,41.71,55.45,40.7,34.61,46.79,normal,normal,normal,,
m_3201,62740,7.9,0,46.66,31,66,91.96,86,96,7.98,3,18,44.02,37.41,49.82,35.19,29.84,39.91,normal,normal,normal,,
m_3212,61428,8,0,36.56,20,60,88.51,71,96,6.65,2,16,35.55,29.62,41.26,24.87,20.31,29.49,normal,normal,normal,,
m_3228,60590,8,0,40.1,23,64,90.41,82,96,7.73,3,19,49.67,43.41,55.5,39.17,34.63,43.42,normal,normal,normal,,
m_3234,61853,8,0,51.3,28,80,91.24,85,96,11.11,5,20,46.56,39.91,51.95,38.35,32.51,43.23,normal,normal,normal,,
m_3244,64571,8,0,44.07,27,66,91.29,84,96,7.6,3,18,44.61,38.09,52,38.4,32.26,45.72,normal,normal,normal,,
m_3249,61553,8,0,40.74,22,71,91.43,85,96,7.52,3,19,43.41,36.84,49.06,34.23,29,38.85,normal,normal,normal,,
m_3251,62597,7.9,0,4.53,3,6,89.7,88,90,1.04,1,1,20.15,19.71,20.55,15.55,14.98,16.05,,acotada_por_memoria,ineficiente,,
m_3255,61972,8,0,47.63,30,74,91.24,85,96,8.98,3,20,42.85,35.75,49.16,34.21,28.04,39.7,normal,normal,normal,,
m_3260,61786,8,0,36.18,17,67,89.6,80,96,6.13,1,18,43.94,37.84,49.47,32.78,28.61,36.71,normal,normal,normal,,
m_3269,60131,8,0,35.94,18,67,89.2,80,96,5.51,1,16,38.68,31.79,43.99,29.12,23.71,33.11,normal,normal,normal,,
m_328,61324,8,0,39.17,21,68,91.57,85,96,7.39,2,19,46.6,39.87,52.57,38.92,33.05,44.25,normal,normal,normal,,
m_3302,61152,7.9,0,32.23,15,56,90.72,84,96,7.75,2,22,39.9,34.64,44.61,28.75,25.29,31.98,normal,normal,ineficiente,,
m_3319,62705,8,0,34.82,17,61,89.71,81,96,6.55,1,20,42.68,36.45,48.42,31.8,27.04,35.98,normal,normal,normal,,
m_3323,62344,8,0,45.37,28,68,91.41,84,96,7.83,3,19,47.94,41.16,53.98,39.84,34.24,44.93,normal,normal,normal,,
m_3329,60855,8,0,30.79,15,52,89.59,82,96,3.32,1,9,41.94,36.33,46.97,33.36,29.18,37.24,normal,normal,ineficiente,,
m_3331,60808,8,0,38.11,18,71,91.47,86,96,8.42,4,19,42.55,36.88,47.42,33.62,29.18,37.46,normal,normal,normal,,
m_3362,61666,8,0,32.15,15,56,90.8,85,96,5.98,1,17,38.82,33.3,43.93,27.06,23.56,30.51,normal,normal,ineficiente,,
m_3379,55601,7.9,79.1,8.25,0,47,19.44,3,94,0.91,0,5,0.26,0,1.97,0.21,0,1.57,ineficiente,subutilizada,ineficiente,,
m_3383,62725,8,0,34.51,18,58,90.38,81,96,5.59,2,15,34.91,29.17,40.15,25.14,20.58,29.35,normal,normal,normal,,
m_34,61756,8,0,40.92,24,63,89.7,81,96,7.44,3,18,45.89,39.4,51.84,38.46,32.9,43.64,normal,normal,normal,,
m_3403,62471,8,0,32.29,15,54,85.28,69,96,16.69,1,74,15.45,9.44,20.88,10.51,6.22,14.52,normal,normal,ineficiente,,
m_3409,62102,8,0,3.62,3,5,85.01,83,86,1.04,1,1,16.6,16.27,16.94,11.8,11.38,12.22,,acotada_por_memoria,ineficiente,,
m_3420,60355,7.9,0,36.41,16,66,89.53,81,96,6.6,1,20,40.18,34.73,45.16,28.96,25.12,32.58,normal,normal,normal,,
m_3434,62645,8,0,30.27,14,54,90.7,83,96,5.37,1,15,42.28,36.65,47.51,29.29,25.72,32.81,normal,normal,ineficiente,,
m_3457,62580,8,0,36.6,18,60,91.25,83,96,7.85,4,17,42.83,37.02,48.22,32.89,28.68,36.96,normal,normal,normal,,
m_3461,61113,8,0,44.81,28,62,90.67,83,96,7.32,3,18,49.92,41.19,57.68,46.41,37.64,54.34,normal,normal,normal,,
m_3474,59977,8,0,46.44,27,73,89.33,80,96,11.17,4,25,46.95,39.35,53.82,39.7,32.87,45.96,normal,normal,normal,,
m_3475,61912,8,0,41.74,23,66,89.76,81,96,8.97,4,22,49.28,42.47,55.7,40.99,35.28,46.21,normal,normal,normal,,
m_3515,62664,8,0,46.66,30,66,91.34,85,96,9.52,4,22,47.51,40.16,54.02,42.19,35.3,48.43,normal,normal,normal,,
m_3516,60580,8,0,37.61,20,62,90.13,81,96,9.71,5,20,36.49,30.67,41.58,27.75,23.41,31.68,normal,normal,normal,,
m_3519,60950,7.9,0,43.74,24,74,90.46,82,96,8.06,3,19,46.39,39.49,52.46,35.71,30.5,40.65,normal,normal,normal,,
m_352,62291,7.9,0,44.44,26,66,90.9,83,96,10.13,5,21,46.85,39.84,53.24,40.95,34.67,46.76,normal,normal,normal,,
m_3529,61236,8,0,34.21,16,60,90.48,83,96,5.64,1,17,40.63,34.82,45.92,28.41,24.57,32.14,normal,normal,normal,,
m_3539,3570,0.7,0,32.38,11,81,85.2,81,90,2.74,1,7,30.27,29.88,30.61,21.58,21.32,21.81,normal,normal,ineficiente,,
m_3568,63651,8,0,37.23,20,61,90.73,83,96,3.29,1,8,42,36.37,47.35,31.29,27.31,35.19,normal,normal,normal,,
m_3578,60237,8,0,39.24,22,62,91.04,83,96,6.74,3,15,50.77,43.09,57.11,41.97,35.35,47.51,normal,normal,normal,,
m_3586,61277,8,0,34.62,16,57,91.08,84,96,6.6,2,18,40.51,34.78,45.9,30.67,26.72,34.65,normal,normal,normal,,
m_3588,59667,8,0,42.01,24,64,91.39,85,96,9.01,5,18,42.35,35.64,48.06,34.49,28.82,39.43,normal,normal,normal,,
m_3598,60817,8,0,38.16,20,61,91.91,87,96,8.55,4,18,45.22,39.21,50.6,36.48,31.82,40.77,normal,normal,normal,,
m_3601,63490,8,0,47.6,31,66,91.43,85,96,12.79,6,23,45.85,39.44,51.77,38.77,33.13,44.1,normal,normal,normal,,
m_3602,60859,7.9,0,40.45,23,63,91.18,84,96,6.7,3,15,46.97,39.39,53.5,52.3,42.96,59.96,normal,normal,normal,,
m_3603,61496,8,99.8,0,0,0,4,4,4,0,0,0,0.01,0.01,0.01,0.02,0.01,0.02,ineficiente,ociosa,ineficiente,,
m_3608,59905,8,0,43.56,26,65,91.97,86,96,9.86,6,18,40.19,34.29,45.52,34.24,29.15,39.01,normal,normal,normal,,
m_3610,59139,8,0,29.93,14,55,91.23,85,96,4.57,1,12,36.5,32.02,40.63,26.57,23.43,29.6,normal,normal,ineficiente,,
m_3626,62655,8,0,41.38,24,65,91.01,84,96,10.5,5,22,40.85,34.46,46.88,34.84,29.29,40.33,normal,normal,normal,,
m_3627,63205,8,0,47.24,30,67,91.06,84,96,8.46,3,19,46.99,39.75,53.54,40.95,34.22,47.02,normal,normal,normal,,
m_3629,63781,8,0,39.97,23,63,90.6,83,96,6.75,2,16,45.96,38.97,52.41,36.21,30.62,41.48,normal,normal,normal,,
m_3632,60714,8,0,39.71,24,62,91.57,86,96,5.81,2,15,36.51,30.5,41.71,25.8,21.24,29.77,normal,normal,normal,,
m_3655,62866,8,0,41.2,23,64,91.52,85,96,8.27,4,19,45.05,38.21,51.2,35.73,30.09,40.89,normal,normal,normal,,
m_3674,61645,8,0,41.45,24,64,91.79,86,96,7.24,3,18,50.84,43.2,57.63,40.83,34.8,46.2,normal,normal,normal,,
m_3681,63371,8,0,41.38,24,64,91.05,82,96,7.62,5,12,39.68,32.97,45.78,31.92,26.36,36.92,normal,normal,normal,,
m_3690,60824,8,0,36.54,20,59,91.59,85,96,6.7,2,17,43.58,37.4,49.04,34.29,29.46,38.64,normal,normal,normal,,
m_3691,59224,8,0,39.57,22,68,91.44,85,96,8.46,3,20,41.06,35.22,46.32,32.88,28.08,37.33,normal,normal,normal,,
m_370,63790,8,0,36.19,19,59,88.75,79,95,6.14,2,15,42.92,36.53,48.85,33.65,28.53,38.5,normal,normal,normal,,
m_3714,62253,7.9,0,41.18,24,64,91.18,85,96,7.24,2,19,45.79,39.31,51.67,35.35,30.77,39.63,normal,normal,normal,,
m_3717,61192,8,0,37.56,18,64,92.17,86,96,7.72,3,16,40.44,35.49,45.21,32.67,28.81,36.73,normal,normal,normal,,
m_3730,61311,8,0,39.08,22,63,91.32,84,96,8.02,4,18,42.32,35.65,48.03,32.73,27.23,37.33,normal,normal,normal,,
m_376,62460,7.9,0,41.02,25,62,91.22,84,96,9.86,6,17,42.09,36.42,47.72,34.92,30.37,39.67,normal,normal,normal,,
m_3766,61019,8,0,35.63,19,59,90.88,83,96,6.48,2,17,33.81,27.01,39.65,24.73,19.64,29.25,normal,normal,normal,,
m_3773,62479,8,0,39.84,22,64,87.94,72,95,7.13,3,16,41.73,34.99,47.71,31.12,26.03,35.76,normal,normal,normal,,
m_3776,62710,8,0,33.91,17,57,89.43,81,95,5.91,1,17,42.12,36.53,47.26,31.72,27.81,35.35,normal,normal,ineficiente,,
m_3779,61217,8,0,33.9,18,55,88.96,79,96,5.27,1,15,35.87,29.99,41.21,25.65,21.32,29.76,normal,normal,ineficiente,,
m_3780,59975,7.8,0,35.21,18,58,92.06,86,96,6.9,3,16,37.99,32.63,42.77,28.6,24.45,32.42,normal,normal,normal,,
m_3789,60727,7.9,0,44.16,26,65,90.95,83,96,8.88,4,20,46.22,39.68,52.02,38.48,33.06,43.47,normal,normal,normal,,
m_3805,61569,8,0,45.63,26,76,87.52,77,95,10.29,3,28,42.73,36.15,49.11,34.71,29.48,40.28,normal,normal,normal,,
m_3821,60105,8,0,44.4,28,65,91,85,96,6.96,3,16,48.66,41.68,54.99,42.38,35.93,48.41,normal,normal,normal,,
m_3830,59522,7.9,0,35.42,19,57,91.26,83,96,5.03,1,14,42.2,35.69,47.91,30.41,25.67,34.68,normal,normal,normal,,
m_3842,61231,8,0,42.71,25,65,91.29,85,96,7.26,3,18,45.1,38.27,51.21,34.88,29.52,39.71,normal,normal,normal,,
m_3844,61491,8,0,36.7,19,62,91.06,84,96,6.41,2,16,43.46,37.78,48.94,34.37,30.23,38.59,normal,normal,normal,,
m_3856,61074,8,0,40.19,21,65,89.79,78,96,8.23,4,18,47.83,40.25,54.5,36.06,30.63,41,normal,normal,normal,,
m_3860,60283,8,0,32.37,16,56,90.47,82,96,5.93,2,17,38.31,32.17,44.58,28.03,23.45,33.3,normal,normal,ineficiente,,
m_3870,61360,8,0,43.27,26,66,91.45,84,96,9.49,5,19,43.68,37.47,49.33,36.84,31.41,41.93,normal,normal,normal,,
m_3878,53946,6.9,100,0,0,0,3,3,3,0,0,0,0.01,0.01,0.01,0.01,0.01,0.01,ineficiente,ociosa,ineficiente,,
m_3880,61386,8,0,40.58,21,71,91.32,84,96,7.48,3,18,45.33,38.55,51.38,33,28.2,37.44,normal,normal,normal,,
m_3885,60791,8,0,47.85,32,66,91.29,85,96,13.23,6,24,45.4,38.56,51.2,39.67,33.42,44.96,normal,normal,normal,,
m_3905,61627,7.9,0,27.62,11,51,88.97,80,96,4.45,1,13,40.42,35.35,45.05,28.94,25.76,31.95,normal,normal,ineficiente,,
m_3914,58910,8,0,37.32,18,72,91.32,84,96,6.86,3,17,33.65,27.85,38.58,23.12,19.09,26.6,normal,normal,normal,,
m_3917,62575,8,0,42.1,24,70,92.18,86,96,8.93,5,17,40.95,35.07,46.26,32.38,27.77,36.67,normal,normal,normal,,
m_3929,60164,8,0,38.92,21,65,90.73,83,96,6.71,2,18,48.78,42.4,54.41,38.24,33.75,42.28,normal,normal,normal,,
m_3930,58534,7.9,0,43.54,24,68,91.35,85,96,7.2,3,17,45.04,38.03,50.88,35.29,29.77,39.96,normal,normal,normal,,
m_3952,61412,8,0,43.53,25,67,87.7,76,96,9.83,4,25,50.77,43.49,57.52,39.08,33.79,44,normal,normal,normal,,
m_3955,61781,8,0,32.91,13,59,90.69,84,96,5.29,1,16,39.95,33.63,45.36,27.97,23.39,31.66,normal,normal,normal,,
m_3971,62267,8,0,44.83,28,65,91.48,85,96,7.46,4,15,56.11,48.06,63.4,47.95,41.02,54.29,normal,normal,normal,,
m_3984,63824,8,0,42.85,26,64,91.29,85,96,8.06,3,19,45.04,38.33,51.42,37.1,31.44,42.62,normal,normal,normal,,
m_3993,61047,8,0,41.83,26,63,85.91,67,95,7.29,3,17,45.5,38.66,51.69,38.75,32.78,44.26,normal,normal,normal,,
m_4,62668,7.9,0,48.21,32,66,91.68,86,96,8.19,3,19,42.47,34.58,50.38,35.87,28.54,43.52,normal,normal,normal,,
m_4025,62925,8,0,11.65,7,16,58.39,55,62,2.69,2,4,9.47,7.13,11.64,12.78,9.63,15.68,ineficiente,subutilizada,ineficiente,,
m_4034,61703,8,0,52.7,37,70,89.22,81,96,6.64,2,16,56.79,48.88,64.03,44.48,38.21,50.25,normal,normal,normal,,
m_410,61713,8,0,41.57,23,69,90.82,82,96,6.01,2,15,44.03,37.74,49.97,34.54,29.81,39.19,normal,normal,normal,,
m_423,62291,8,0,47.55,30,66,90.9,85,96,8.77,4,19,47.43,40.44,53.78,42.94,35.98,49.44,normal,normal,normal,,
m_429,61058,8,0,39.5,21,64,91.32,85,96,8.18,4,15,44.17,38.6,49.28,33.72,30.01,37.19,normal,normal,normal,,
m_442,60720,7.8,0,42.86,25,65,91.99,86,96,10.13,6,17,43.34,37.6,48.61,36.32,31.91,40.61,normal,normal,normal,,
m_458,63359,8,0,44.51,27,66,91.32,85,96,8.26,3,20,43.42,36.99,49.31,34.63,29.6,39.38,normal,normal,normal,,
m_459,63300,8,0,40.02,22,65,89.55,79,96,3.54,2,8,46.33,39.74,52.21,39.11,33.72,44,normal,normal,normal,,
m_462,62987,8,0,40.72,23,63,91.5,85,96,6.87,3,16,42.22,36.38,47.52,34.65,29.87,39.16,normal,normal,normal,,
m_467,58974,8,0,33.7,13,66,88.46,79,95,11.61,1,47,44.01,37.3,49.06,33.21,28.26,36.72,normal,normal,ineficiente,,
m_468,29279,8,0,34.72,19,64,91.75,84,96,98.11,90,100,50.71,37.52,65.33,23.83,19.83,28.09,normal,normal,normal,,
m_469,61561,8,0,43.07,24,70,87.1,76,96,8.49,2,25,55.23,46.62,62.47,42.39,36.13,47.75,normal,normal,normal,,
m_473,62436,8,0,53.69,39,69,90.12,82,96,11.37,4,22,54,45.6,61.96,49.54,41.15,57.47,normal,normal,normal,,
m_509,62487,8,0,42.71,26,63,91.51,84,96,10.44,6,17,44.54,38.18,50.26,40.25,34.36,45.61,normal,normal,normal,,
m_51,61188,8,0,40.99,24,64,90.72,82,96,7.89,3,20,44.87,37.8,50.96,35.11,29.48,40.02,normal,normal,normal,,
m_521,60742,8,0,32.3,15,56,90.4,82,96,5.67,1,16,40.35,34.59,45.49,29.27,25.45,32.76,normal,normal,ineficiente,,
m_522,60851,8,0,47.63,31,66,90.02,82,96,8.98,4,20,45.39,37.85,51.91,41.59,33.94,48.18,normal,normal,normal,,
m_545,63519,8,0,50.61,34,73,85.94,73,94,8.15,3,18,42,34.37,49.05,34.09,27.07,40.64,normal,normal,normal,,
m_546,59364,8,0,40.87,25,62,91.96,86,96,7.44,3,17,44.25,38.23,49.49,37.17,32.09,41.77,normal,normal,normal,,
m_550,60009,7.9,0,33.57,14,58,90.42,82,96,6.71,2,17,52.23,44.67,57.78,41.31,35.53,45.36,normal,normal,ineficiente,,
m_552,61302,8,0,42.06,24,67,91.17,84,96,6.31,2,13,39.39,33.29,44.76,29.46,25.09,33.4,normal,normal,normal,,
m_58,61683,8,0,47.44,31,65,90.48,83,96,13.37,7,23,41.27,34.31,47.51,35.12,28.71,40.97,normal,normal,normal,,
m_587,62818,8,0,27.88,12,51,89.93,81,96,6.05,1,17,39.55,33.06,44.63,29.3,24.21,32.88,normal,normal,ineficiente,,
m_591,60649,8,0,39.75,23,63,91.77,86,96,8.63,4,19,37.68,31.92,44.03,28.09,23.71,33.53,normal,normal,normal,,
m_593,62064,7.8,0,42.55,22,80,91.56,85,96,7.65,4,17,49.42,42.63,55.62,39.86,34.45,44.96,normal,normal,normal,,
m_614,60936,8,79.6,9.21,0,54,17.98,2,93,0.75,0,4,0.24,0,1.88,0.18,0,1.42,ineficiente,subutilizada,ineficiente,,
m_634,60950,8,0,41.03,24,63,90.88,83,96,6.15,4,11,38.55,32.31,44.13,29.22,24.3,33.69,normal,normal,normal,,
m_645,61515,8,0,33.57,16,57,89.42,80,96,9.94,1,30,40.98,35.05,46.36,30.24,26.09,34.19,normal,normal,ineficiente,,
m_649,60172,8,0,44.13,28,65,90.73,84,96,8.75,5,19,45.56,38.01,52.27,35.81,29.78,41.31,normal,normal,normal,,
m_651,59973,8,0,37.97,22,59,92.2,87,96,6.77,3,15,34.88,27.95,41.15,27.03,21.52,32.14,normal,normal,normal,,
m_665,63587,7.9,0,44.17,28,64,91.68,86,96,9.16,4,21,44.6,38.11,50.4,36.52,31.09,41.49,normal,normal,normal,,
m_688,62434,8,0,44.12,25,67,90.49,82,96,9.17,4,20,52.92,45.05,60.44,42.86,36.77,48.76,normal,normal,normal,,
m_695,62421,8,0,2.02,2,2,10,10,10,0.01,0,0,0.19,0.18,0.21,0.23,0.21,0.24,ineficiente,subutilizada,ineficiente,,
m_700,63191,8,0,36.96,21,59,90.99,83,96,7.71,4,15,45.51,39.24,51.29,34.89,30.27,39.28,normal,normal,normal,,
m_703,63383,8,0,46.64,28,72,89.11,81,96,8.83,3,23,42.61,34.74,49.09,33.64,26.98,38.89,normal,normal,normal,,
m_729,59281,7.8,0,40.22,25,61,91.67,85,96,7.67,3,17,42.54,36.81,47.73,34.65,29.98,38.98,normal,normal,normal,,
m_73,60587,8,0,40.52,23,65,91.05,85,96,7.51,3,17,41.46,33.69,47.8,31.33,25.01,36.37,normal,normal,normal,,
m_737,61990,8,0,45.14,28,66,90.08,82,96,7.11,2,18,46.06,38.33,53.07,36.73,30.28,42.72,normal,normal,normal,,
m_738,61754,8,0,41.37,24,66.35,89.13,80,96,8.82,2,24,44.06,37.59,49.72,34.81,29.88,39.09,normal,normal,normal,,
m_746,59561,7.9,0,37.67,21,60,91.49,86,96,9.41,5,19,46.57,39.9,52.9,41.58,36,47.06,normal,normal,normal,,
m_75,60895,8,0,32.35,15,57,90.13,83,96,5.58,1,16,40.17,34.59,45.21,28.71,25.14,32.08,normal,normal,ineficiente,,
m_76,61258,7.8,0,41.87,26,64,91.43,85,96,7.73,3,17,43.61,37.71,48.98,35.88,31.23,40.34,normal,normal,normal,,
m_777,59921,8,0,34.26,16,58,89.24,80,96,5.31,1,16,38.69,32.23,44.29,25.38,21.24,29.08,normal,normal,normal,,
m_782,61972,8,0,31.04,14,55,90.2,81,96,5.52,1,16,39.66,33.89,44.77,27.58,23.77,30.94,normal,normal,ineficiente,,
m_796,61766,8,0,51.42,35,68,89.82,81,96,14.37,6,27,50.61,43.01,57.41,46.34,38.92,53.01,normal,normal,normal,,
m_798,60936,8,0,37.56,20,60,90.77,83,96,6.02,2,15,45.26,38.76,50.85,37.33,31.96,42.07,normal,normal,normal,,
m_801,62163,8,0,32.62,16,55,90.14,82,96,4.82,1,14,42.24,36.61,47.43,30.2,26.56,33.71,normal,normal,ineficiente,,
m_808,61236,8,0,49.12,34,66,91.08,85,96,11.66,5,22,49.77,42.84,56.2,45.43,38.74,51.78,normal,normal,normal,,
m_810,60062,7.9,0,36.42,20,59,90.4,82,96,5.23,1,13,41.78,36,46.93,29.56,25.73,33.12,normal,normal,normal,,
m_812,60721,8,0,41.72,24,68,90.17,80,96,6.99,2,18,47.29,40.21,53.36,38.62,32.63,43.79,normal,normal,normal,,
m_82,60150,8,0,39.93,23,61,91.32,85,96,7.7,3,18,47.52,40.71,53.55,36.48,31.48,41.02,normal,normal,normal,,
m_844,62605,7.9,0,47.09,32,66,90.34,81,96,8.61,4,19,45.48,38.89,51.69,37.12,31.88,42.18,normal,normal,normal,,
m_869,62666,8,0,41,22,66,88.86,77,96,10.67,5,23,45.16,39.07,50.96,35.46,31.08,39.79,normal,normal,normal,,
m_877,62257,8,0,34.52,16,61,82.88,34,96,3.47,1,9,10.94,0.6,36.45,7.62,0.38,26.18,normal,normal,normal,,
m_890,61305,8,0,40.41,24,63,91.96,86,96,8.42,4,17,45.67,38.91,51.8,37.1,31.53,42.22,normal,normal,normal,,
m_893,62356,8,0,4.09,3,5,92.13,91,93,1.04,1,1,21.92,21.52,22.3,17.16,16.65,17.66,,acotada_por_memoria,ineficiente,,
m_911,60327,8,0,30.3,14,52,90.16,82,96,4.94,1,14,38.74,32.99,43.74,27.55,23.37,31.23,normal,normal,ineficiente,,
m_925,61454,8,0,37.77,18,70,89.94,82,96,5.93,1,17,38.92,33.09,44.28,27.68,23.59,31.68,normal,normal,normal,,
m_933,61268,8,0,36.55,18,62,88.27,72,96,7.2,2,18,34.85,28.93,40.07,23.74,19.27,27.64,normal,normal,normal,,
m_939,59471,7.9,0,43.44,24,76,89.42,81,96,8.08,3,21,49.6,42.12,56.1,40.11,34.33,45.25,normal,normal,normal,,
m_942,60740,7.9,0,41.84,23,69,88.51,79,96,7.77,3,21,49.76,42.75,56.29,39.37,34.08,44.39,normal,normal,normal,,
m_946,62524,8,0,4.93,3,7,80.32,79,81,1.44,1,2,22.69,22.11,23.21,18.68,17.88,19.39,,acotada_por_memoria,ineficiente,,
m_947,61756,8,0,46.24,28,73,90.53,83,96,8.74,4,17,46,40.04,51.45,38.35,33.18,43.25,normal,normal,normal,,
m_948,62359,8,0,45.03,25,75,89.26,80,96,14.44,5,42,44.84,38.62,50.46,36.62,31.96,40.87,normal,normal,normal,,
m_949,62395,8,0,40.9,24,63,91.29,85,96,6.95,2,18,36.66,30.22,42.54,26.44,21.5,31.17,normal,normal,normal,,
m_950,59748,7.7,79.2,7.25,0,41,17.64,2,94,0.66,0,4,0.23,0,1.77,0.18,0,1.44,ineficiente,subutilizada,ineficiente,,
m_958,62221,8,0,3.8,3,5,91.13,90,92,1.05,1,1,21.01,20.66,21.34,16.62,16.13,17.06,,acotada_por_memoria,ineficiente,,
m_96,60022,8,0,46.21,19,68,88.57,73,96,7.43,2,17,34.77,28.8,40.38,24.59,19.3,30.41,normal,normal,normal,,
m_977,62266,8,0,39.91,16,64,91.17,85,96,26.01,2,62,34.69,29.28,40.33,24.91,20.78,29.51,normal,normal,normal,,
m_978,61440,8,0,30.44,14,53,88.97,78,96,4.65,1,15,41.1,35.41,45.89,29.38,25.4,32.61,normal,normal,ineficiente,,
m_980,60893,8,0,35.45,18,57,91.87,86,96,7.03,4,14,46.07,39.93,51.55,36.94,32.12,41.42,normal,normal,normal,,
m_988,62220,8,0,39.59,23,63,89.5,79,96,8.21,4,20,48.86,41.78,55.31,39.72,34.11,44.9,normal,normal,normal,,
m_991,63115,8,0,30.94,14,55,90.39,83,96,4.87,1,14,34.59,29.67,39.31,24.26,20.82,27.69,normal,normal,ineficiente,,
m_994,61998,8,0,45.19,28,66,90.38,83,96,8.59,4,19,53.19,44.24,61.24,41.64,34.75,47.89,normal,normal,normal,,
